team_id,season,continuity,source_team_id,continuity_pct_raw
ATL,2018-19,0.45,ATL,45%
ATL,2019-20,0.49,ATL,49%
ATL,2020-21,0.48,ATL,48%
ATL,2021-22,0.84,ATL,84%
ATL,2022-23,0.65,ATL,65%
ATL,2023-24,0.95,ATL,95%
ATL,2024-25,0.58,ATL,58%
ATL,2025-26,0.6,ATL,60%
BKN,2018-19,0.69,NJN,69%
BKN,2019-20,0.51,NJN,51%
BKN,2020-21,0.51,NJN,51%
BKN,2021-22,0.5,NJN,50%
BKN,2022-23,0.52,NJN,52%
BKN,2023-24,0.73,NJN,73%
BKN,2024-25,0.69,NJN,69%
BKN,2025-26,0.44,NJN,44%
BOS,2018-19,0.96,BOS,96%
BOS,2019-20,0.7,BOS,70%
BOS,2020-21,0.73,BOS,73%
BOS,2021-22,0.69,BOS,69%
BOS,2022-23,0.85,BOS,85%
BOS,2023-24,0.69,BOS,69%
BOS,2024-25,0.97,BOS,97%
BOS,2025-26,0.75,BOS,75%
CHA,2018-19,0.79,CHA,79%
CHA,2019-20,0.65,CHA,65%
CHA,2020-21,0.79,CHA,79%
CHA,2021-22,0.71,CHA,71%
CHA,2022-23,0.78,CHA,78%
CHA,2023-24,0.45,CHA,45%
CHA,2024-25,0.56,CHA,56%
CHA,2025-26,0.57,CHA,57%
CHI,2018-19,0.64,CHI,64%
CHI,2019-20,0.56,CHI,56%
CHI,2020-21,0.69,CHI,69%
CHI,2021-22,0.48,CHI,48%
CHI,2022-23,0.87,CHI,87%
CHI,2023-24,0.86,CHI,86%
CHI,2024-25,0.59,CHI,59%
CHI,2025-26,0.71,CHI,71%
CLE,2018-19,0.59,CLE,59%
CLE,2019-20,0.7,CLE,70%
CLE,2020-21,0.54,CLE,54%
CLE,2021-22,0.61,CLE,61%
CLE,2022-23,0.82,CLE,82%
CLE,2023-24,0.7,CLE,70%
CLE,2024-25,0.92,CLE,92%
CLE,2025-26,0.75,CLE,75%
DAL,2018-19,0.61,DAL,61%
DAL,2019-20,0.68,DAL,68%
DAL,2020-21,0.79,DAL,79%
DAL,2021-22,0.75,DAL,75%
DAL,2022-23,0.77,DAL,77%
DAL,2023-24,0.58,DAL,58%
DAL,2024-25,0.51,DAL,51%
DAL,2025-26,0.67,DAL,67%
DEN,2018-19,0.98,DEN,98%
DEN,2019-20,0.8,DEN,80%
DEN,2020-21,0.7,DEN,70%
DEN,2021-22,0.75,DEN,75%
DEN,2022-23,0.51,DEN,51%
DEN,2023-24,0.9,DEN,90%
DEN,2024-25,0.86,DEN,86%
DEN,2025-26,0.64,DEN,64%
DET,2018-19,0.74,DET,74%
DET,2019-20,0.56,DET,56%
DET,2020-21,0.14,DET,14%
DET,2021-22,0.7,DET,70%
DET,2022-23,0.53,DET,53%
DET,2023-24,0.69,DET,69%
DET,2024-25,0.51,DET,51%
DET,2025-26,0.72,DET,72%
GSW,2018-19,0.81,GSW,81%
GSW,2019-20,0.22,GSW,22%
GSW,2020-21,0.72,GSW,72%
GSW,2021-22,0.68,GSW,68%
GSW,2022-23,0.73,GSW,73%
GSW,2023-24,0.68,GSW,68%
GSW,2024-25,0.71,GSW,71%
GSW,2025-26,0.81,GSW,81%
HOU,2018-19,0.7,HOU,70%
HOU,2019-20,0.65,HOU,65%
HOU,2020-21,0.2,HOU,20%
HOU,2021-22,0.58,HOU,58%
HOU,2022-23,0.75,HOU,75%
HOU,2023-24,0.44,HOU,44%
HOU,2024-25,0.92,HOU,92%
HOU,2025-26,0.7,HOU,70%
IND,2018-19,0.77,IND,77%
IND,2019-20,0.47,IND,47%
IND,2020-21,0.88,IND,88%
IND,2021-22,0.54,IND,54%
IND,2022-23,0.63,IND,63%
IND,2023-24,0.72,IND,72%
IND,2024-25,0.92,IND,92%
IND,2025-26,0.69,IND,69%
LAC,2018-19,0.66,LAC,66%
LAC,2019-20,0.55,LAC,55%
LAC,2020-21,0.71,LAC,71%
LAC,2021-22,0.75,LAC,75%
LAC,2022-23,0.75,LAC,75%
LAC,2023-24,0.78,LAC,78%
LAC,2024-25,0.67,LAC,67%
LAC,2025-26,0.63,LAC,63%
LAL,2018-19,0.52,LAL,52%
LAL,2019-20,0.52,LAL,52%
LAL,2020-21,0.6,LAL,60%
LAL,2021-22,0.25,LAL,25%
LAL,2022-23,0.41,LAL,41%
LAL,2023-24,0.69,LAL,69%
LAL,2024-25,0.71,LAL,71%
LAL,2025-26,0.6,LAL,60%
MEM,2018-19,0.37,MEM,37%
MEM,2019-20,0.41,MEM,41%
MEM,2020-21,0.8,MEM,80%
MEM,2021-22,0.79,MEM,79%
MEM,2022-23,0.85,MEM,85%
MEM,2023-24,0.69,MEM,69%
MEM,2024-25,0.76,MEM,76%
MEM,2025-26,0.48,MEM,48%
MIA,2018-19,0.99,MIA,99%
MIA,2019-20,0.54,MIA,54%
MIA,2020-21,0.83,MIA,83%
MIA,2021-22,0.64,MIA,64%
MIA,2022-23,0.92,MIA,92%
MIA,2023-24,0.73,MIA,73%
MIA,2024-25,0.74,MIA,74%
MIA,2025-26,0.78,MIA,78%
MIL,2018-19,0.65,MIL,65%
MIL,2019-20,0.76,MIL,76%
MIL,2020-21,0.59,MIL,59%
MIL,2021-22,0.64,MIL,64%
MIL,2022-23,0.87,MIL,87%
MIL,2023-24,0.64,MIL,64%
MIL,2024-25,0.66,MIL,66%
MIL,2025-26,0.75,MIL,75%
MIN,2018-19,0.62,MIN,62%
MIN,2019-20,0.51,MIN,51%
MIN,2020-21,0.66,MIN,66%
MIN,2021-22,0.83,MIN,83%
MIN,2022-23,0.64,MIN,64%
MIN,2023-24,0.92,MIN,92%
MIN,2024-25,0.73,MIN,73%
MIN,2025-26,0.92,MIN,92%
NOP,2018-19,0.56,NOH,56%
NOP,2019-20,0.3,NOH,30%
NOP,2020-21,0.58,NOH,58%
NOP,2021-22,0.4,NOH,40%
NOP,2022-23,0.87,NOH,87%
NOP,2023-24,0.89,NOH,89%
NOP,2024-25,0.49,NOH,49%
NOP,2025-26,0.5,NOH,50%
NYK,2018-19,0.49,NYK,49%
NYK,2019-20,0.35,NYK,35%
NYK,2020-21,0.64,NYK,64%
NYK,2021-22,0.73,NYK,73%
NYK,2022-23,0.76,NYK,76%
NYK,2023-24,0.72,NYK,72%
NYK,2024-25,0.57,NYK,57%
NYK,2025-26,0.85,NYK,85%
OKC,2018-19,0.73,OKC,73%
OKC,2019-20,0.47,OKC,47%
OKC,2020-21,0.42,OKC,42%
OKC,2021-22,0.57,OKC,57%
OKC,2022-23,0.71,OKC,71%
OKC,2023-24,0.74,OKC,74%
OKC,2024-25,0.79,OKC,79%
OKC,2025-26,0.93,OKC,93%
ORL,2018-19,0.85,ORL,85%
ORL,2019-20,0.81,ORL,81%
ORL,2020-21,0.52,ORL,52%
ORL,2021-22,0.71,ORL,71%
ORL,2022-23,0.71,ORL,71%
ORL,2023-24,0.87,ORL,87%
ORL,2024-25,0.77,ORL,77%
ORL,2025-26,0.7,ORL,70%
PHI,2018-19,0.57,PHI,57%
PHI,2019-20,0.59,PHI,59%
PHI,2020-21,0.58,PHI,58%
PHI,2021-22,0.79,PHI,79%
PHI,2022-23,0.69,PHI,69%
PHI,2023-24,0.51,PHI,51%
PHI,2024-25,0.38,PHI,38%
PHI,2025-26,0.66,PHI,66%
PHX,2018-19,0.39,PHO,39%
PHX,2019-20,0.51,PHO,51%
PHX,2020-21,0.66,PHO,66%
PHX,2021-22,0.77,PHO,77%
PHX,2022-23,0.69,PHO,69%
PHX,2023-24,0.32,PHO,32%
PHX,2024-25,0.58,PHO,58%
PHX,2025-26,0.58,PHO,58%
POR,2018-19,0.82,POR,82%
POR,2019-20,0.55,POR,55%
POR,2020-21,0.6,POR,60%
POR,2021-22,0.56,POR,56%
POR,2022-23,0.63,POR,63%
POR,2023-24,0.42,POR,42%
POR,2024-25,0.82,POR,82%
POR,2025-26,0.81,POR,81%
SAC,2018-19,0.58,SAC,58%
SAC,2019-20,0.67,SAC,67%
SAC,2020-21,0.67,SAC,67%
SAC,2021-22,0.69,SAC,69%
SAC,2022-23,0.64,SAC,64%
SAC,2023-24,0.9,SAC,90%
SAC,2024-25,0.67,SAC,67%
SAC,2025-26,0.42,SAC,42%
SAS,2018-19,0.63,SAS,63%
SAS,2019-20,0.8,SAS,80%
SAS,2020-21,0.9,SAS,90%
SAS,2021-22,0.73,SAS,73%
SAS,2022-23,0.63,SAS,63%
SAS,2023-24,0.82,SAS,82%
SAS,2024-25,0.6,SAS,60%
SAS,2025-26,0.77,SAS,77%
TOR,2018-19,0.67,TOR,67%
TOR,2019-20,0.82,TOR,82%
TOR,2020-21,0.68,TOR,68%
TOR,2021-22,0.65,TOR,65%
TOR,2022-23,0.86,TOR,86%
TOR,2023-24,0.5,TOR,50%
TOR,2024-25,0.6,TOR,60%
TOR,2025-26,0.7,TOR,70%
UTA,2018-19,0.92,UTA,92%
UTA,2019-20,0.61,UTA,61%
UTA,2020-21,0.9,UTA,90%
UTA,2021-22,0.78,UTA,78%
UTA,2022-23,0.25,UTA,25%
UTA,2023-24,0.68,UTA,68%
UTA,2024-25,0.64,UTA,64%
UTA,2025-26,0.64,UTA,64%
WAS,2018-19,0.49,WAS,49%
WAS,2019-20,0.4,WAS,40%
WAS,2020-21,0.52,WAS,52%
WAS,2021-22,0.47,WAS,47%
WAS,2022-23,0.72,WAS,72%
WAS,2023-24,0.47,WAS,47%
WAS,2024-25,0.51,WAS,51%
WAS,2025-26,0.59,WAS,59%
