team_id,team_name,season,payroll,exposure,payroll_millions
LAC,Los Angeles Clippers,2022-23,191189228,1.5461504023290606,191.189228
GSW,Golden State Warriors,2022-23,189502439,1.5325093121992641,189.502439
MIL,Milwaukee Bucks,2022-23,178933725,1.4470399498604989,178.933725
BOS,Boston Celtics,2022-23,175483265,1.4191360236140875,175.483265
DAL,Dallas Mavericks,2022-23,173241988,1.4010107799927216,173.241988
PHX,Phoenix Suns,2022-23,172327721,1.3936170878654321,172.327721
LAL,Los Angeles Lakers,2022-23,167412786,1.3538699284299058,167.412786
DEN,Denver Nuggets,2022-23,159119037,1.286798245117464,159.119037
BKN,Brooklyn Nets,2022-23,157516641,1.2738396425538798,157.516641
WAS,Washington Wizards,2022-23,150006207,1.2131026404108205,150.006207
PHI,Philadelphia 76ers,2022-23,149571525,1.2095873599935303,149.571525
TOR,Toronto Raptors,2022-23,149485226,1.2088894585742591,149.485226
CHI,Chicago Bulls,2022-23,149421485,1.2083739840685779,149.421485
CLE,Cleveland Cavaliers,2022-23,149251300,1.2069976952003558,149.2513
MIA,Miami Heat,2022-23,149093861,1.2057244834418341,149.093861
ATL,Atlanta Hawks,2022-23,148633739,1.2020034693299908,148.633739
OKC,Oklahoma City Thunder,2022-23,148189515,1.1984110226032105,148.189515
UTA,Utah Jazz,2022-23,147574401,1.1934365856617202,147.574401
NOP,New Orleans Pelicans,2022-23,147340203,1.1915426226193846,147.340203
NYK,New York Knicks,2022-23,146839447,1.1874930006873965,146.839447
POR,Portland Trail Blazers,2022-23,144235654,1.1664360842667099,144.235654
MIN,Minnesota Timberwolves,2022-23,143519708,1.1606462172981278,143.519708
HOU,Houston Rockets,2022-23,135784282,1.098089701184748,135.784282
SAC,Sacramento Kings,2022-23,134929166,1.0911743641583438,134.929166
DET,Detroit Pistons,2022-23,127673494,1.0324976264607173,127.673494
MEM,Memphis Grizzlies,2022-23,126788905,1.0253439408030407,126.788905
ORL,Orlando Magic,2022-23,125177282,1.0123107193400995,125.177282
CHA,Charlotte Hornets,2022-23,124541053,1.007165525049533,124.541053
IND,Indiana Pacers,2022-23,122172349,0.9880097772027011,122.172349
SAS,San Antonio Spurs,2022-23,101649048,0.8220375075815778,101.649048
