team_id,season,continuity,source_team_id,continuity_pct_raw,team_name,exposure_baseline_season,payroll_2022_23,exposure_2022_23
ATL,2018-19,0.45,ATL,45%,Atlanta Hawks,2022-23,148633739,1.2020034693299908
ATL,2019-20,0.49,ATL,49%,Atlanta Hawks,2022-23,148633739,1.2020034693299908
ATL,2020-21,0.48,ATL,48%,Atlanta Hawks,2022-23,148633739,1.2020034693299908
ATL,2021-22,0.84,ATL,84%,Atlanta Hawks,2022-23,148633739,1.2020034693299908
ATL,2022-23,0.65,ATL,65%,Atlanta Hawks,2022-23,148633739,1.2020034693299908
ATL,2023-24,0.95,ATL,95%,Atlanta Hawks,2022-23,148633739,1.2020034693299908
ATL,2024-25,0.58,ATL,58%,Atlanta Hawks,2022-23,148633739,1.2020034693299908
ATL,2025-26,0.6,ATL,60%,Atlanta Hawks,2022-23,148633739,1.2020034693299908
BKN,2018-19,0.69,NJN,69%,Brooklyn Nets,2022-23,157516641,1.2738396425538798
BKN,2019-20,0.51,NJN,51%,Brooklyn Nets,2022-23,157516641,1.2738396425538798
BKN,2020-21,0.51,NJN,51%,Brooklyn Nets,2022-23,157516641,1.2738396425538798
BKN,2021-22,0.5,NJN,50%,Brooklyn Nets,2022-23,157516641,1.2738396425538798
BKN,2022-23,0.52,NJN,52%,Brooklyn Nets,2022-23,157516641,1.2738396425538798
BKN,2023-24,0.73,NJN,73%,Brooklyn Nets,2022-23,157516641,1.2738396425538798
BKN,2024-25,0.69,NJN,69%,Brooklyn Nets,2022-23,157516641,1.2738396425538798
BKN,2025-26,0.44,NJN,44%,Brooklyn Nets,2022-23,157516641,1.2738396425538798
BOS,2018-19,0.96,BOS,96%,Boston Celtics,2022-23,175483265,1.4191360236140875
BOS,2019-20,0.7,BOS,70%,Boston Celtics,2022-23,175483265,1.4191360236140875
BOS,2020-21,0.73,BOS,73%,Boston Celtics,2022-23,175483265,1.4191360236140875
BOS,2021-22,0.69,BOS,69%,Boston Celtics,2022-23,175483265,1.4191360236140875
BOS,2022-23,0.85,BOS,85%,Boston Celtics,2022-23,175483265,1.4191360236140875
BOS,2023-24,0.69,BOS,69%,Boston Celtics,2022-23,175483265,1.4191360236140875
BOS,2024-25,0.97,BOS,97%,Boston Celtics,2022-23,175483265,1.4191360236140875
BOS,2025-26,0.75,BOS,75%,Boston Celtics,2022-23,175483265,1.4191360236140875
CHA,2018-19,0.79,CHA,79%,Charlotte Hornets,2022-23,124541053,1.007165525049533
CHA,2019-20,0.65,CHA,65%,Charlotte Hornets,2022-23,124541053,1.007165525049533
CHA,2020-21,0.79,CHA,79%,Charlotte Hornets,2022-23,124541053,1.007165525049533
CHA,2021-22,0.71,CHA,71%,Charlotte Hornets,2022-23,124541053,1.007165525049533
CHA,2022-23,0.78,CHA,78%,Charlotte Hornets,2022-23,124541053,1.007165525049533
CHA,2023-24,0.45,CHA,45%,Charlotte Hornets,2022-23,124541053,1.007165525049533
CHA,2024-25,0.56,CHA,56%,Charlotte Hornets,2022-23,124541053,1.007165525049533
CHA,2025-26,0.57,CHA,57%,Charlotte Hornets,2022-23,124541053,1.007165525049533
CHI,2018-19,0.64,CHI,64%,Chicago Bulls,2022-23,149421485,1.208373984068578
CHI,2019-20,0.56,CHI,56%,Chicago Bulls,2022-23,149421485,1.208373984068578
CHI,2020-21,0.69,CHI,69%,Chicago Bulls,2022-23,149421485,1.208373984068578
CHI,2021-22,0.48,CHI,48%,Chicago Bulls,2022-23,149421485,1.208373984068578
CHI,2022-23,0.87,CHI,87%,Chicago Bulls,2022-23,149421485,1.208373984068578
CHI,2023-24,0.86,CHI,86%,Chicago Bulls,2022-23,149421485,1.208373984068578
CHI,2024-25,0.59,CHI,59%,Chicago Bulls,2022-23,149421485,1.208373984068578
CHI,2025-26,0.71,CHI,71%,Chicago Bulls,2022-23,149421485,1.208373984068578
CLE,2018-19,0.59,CLE,59%,Cleveland Cavaliers,2022-23,149251300,1.2069976952003558
CLE,2019-20,0.7,CLE,70%,Cleveland Cavaliers,2022-23,149251300,1.2069976952003558
CLE,2020-21,0.54,CLE,54%,Cleveland Cavaliers,2022-23,149251300,1.2069976952003558
CLE,2021-22,0.61,CLE,61%,Cleveland Cavaliers,2022-23,149251300,1.2069976952003558
CLE,2022-23,0.82,CLE,82%,Cleveland Cavaliers,2022-23,149251300,1.2069976952003558
CLE,2023-24,0.7,CLE,70%,Cleveland Cavaliers,2022-23,149251300,1.2069976952003558
CLE,2024-25,0.92,CLE,92%,Cleveland Cavaliers,2022-23,149251300,1.2069976952003558
CLE,2025-26,0.75,CLE,75%,Cleveland Cavaliers,2022-23,149251300,1.2069976952003558
DAL,2018-19,0.61,DAL,61%,Dallas Mavericks,2022-23,173241988,1.4010107799927216
DAL,2019-20,0.68,DAL,68%,Dallas Mavericks,2022-23,173241988,1.4010107799927216
DAL,2020-21,0.79,DAL,79%,Dallas Mavericks,2022-23,173241988,1.4010107799927216
DAL,2021-22,0.75,DAL,75%,Dallas Mavericks,2022-23,173241988,1.4010107799927216
DAL,2022-23,0.77,DAL,77%,Dallas Mavericks,2022-23,173241988,1.4010107799927216
DAL,2023-24,0.58,DAL,58%,Dallas Mavericks,2022-23,173241988,1.4010107799927216
DAL,2024-25,0.51,DAL,51%,Dallas Mavericks,2022-23,173241988,1.4010107799927216
DAL,2025-26,0.67,DAL,67%,Dallas Mavericks,2022-23,173241988,1.4010107799927216
DEN,2018-19,0.98,DEN,98%,Denver Nuggets,2022-23,159119037,1.286798245117464
DEN,2019-20,0.8,DEN,80%,Denver Nuggets,2022-23,159119037,1.286798245117464
DEN,2020-21,0.7,DEN,70%,Denver Nuggets,2022-23,159119037,1.286798245117464
DEN,2021-22,0.75,DEN,75%,Denver Nuggets,2022-23,159119037,1.286798245117464
DEN,2022-23,0.51,DEN,51%,Denver Nuggets,2022-23,159119037,1.286798245117464
DEN,2023-24,0.9,DEN,90%,Denver Nuggets,2022-23,159119037,1.286798245117464
DEN,2024-25,0.86,DEN,86%,Denver Nuggets,2022-23,159119037,1.286798245117464
DEN,2025-26,0.64,DEN,64%,Denver Nuggets,2022-23,159119037,1.286798245117464
DET,2018-19,0.74,DET,74%,Detroit Pistons,2022-23,127673494,1.0324976264607173
DET,2019-20,0.56,DET,56%,Detroit Pistons,2022-23,127673494,1.0324976264607173
DET,2020-21,0.14,DET,14%,Detroit Pistons,2022-23,127673494,1.0324976264607173
DET,2021-22,0.7,DET,70%,Detroit Pistons,2022-23,127673494,1.0324976264607173
DET,2022-23,0.53,DET,53%,Detroit Pistons,2022-23,127673494,1.0324976264607173
DET,2023-24,0.69,DET,69%,Detroit Pistons,2022-23,127673494,1.0324976264607173
DET,2024-25,0.51,DET,51%,Detroit Pistons,2022-23,127673494,1.0324976264607173
DET,2025-26,0.72,DET,72%,Detroit Pistons,2022-23,127673494,1.0324976264607173
GSW,2018-19,0.81,GSW,81%,Golden State Warriors,2022-23,189502439,1.532509312199264
GSW,2019-20,0.22,GSW,22%,Golden State Warriors,2022-23,189502439,1.532509312199264
GSW,2020-21,0.72,GSW,72%,Golden State Warriors,2022-23,189502439,1.532509312199264
GSW,2021-22,0.68,GSW,68%,Golden State Warriors,2022-23,189502439,1.532509312199264
GSW,2022-23,0.73,GSW,73%,Golden State Warriors,2022-23,189502439,1.532509312199264
GSW,2023-24,0.68,GSW,68%,Golden State Warriors,2022-23,189502439,1.532509312199264
GSW,2024-25,0.71,GSW,71%,Golden State Warriors,2022-23,189502439,1.532509312199264
GSW,2025-26,0.81,GSW,81%,Golden State Warriors,2022-23,189502439,1.532509312199264
HOU,2018-19,0.7,HOU,70%,Houston Rockets,2022-23,135784282,1.098089701184748
HOU,2019-20,0.65,HOU,65%,Houston Rockets,2022-23,135784282,1.098089701184748
HOU,2020-21,0.2,HOU,20%,Houston Rockets,2022-23,135784282,1.098089701184748
HOU,2021-22,0.58,HOU,58%,Houston Rockets,2022-23,135784282,1.098089701184748
HOU,2022-23,0.75,HOU,75%,Houston Rockets,2022-23,135784282,1.098089701184748
HOU,2023-24,0.44,HOU,44%,Houston Rockets,2022-23,135784282,1.098089701184748
HOU,2024-25,0.92,HOU,92%,Houston Rockets,2022-23,135784282,1.098089701184748
HOU,2025-26,0.7,HOU,70%,Houston Rockets,2022-23,135784282,1.098089701184748
IND,2018-19,0.77,IND,77%,Indiana Pacers,2022-23,122172349,0.9880097772027012
IND,2019-20,0.47,IND,47%,Indiana Pacers,2022-23,122172349,0.9880097772027012
IND,2020-21,0.88,IND,88%,Indiana Pacers,2022-23,122172349,0.9880097772027012
IND,2021-22,0.54,IND,54%,Indiana Pacers,2022-23,122172349,0.9880097772027012
IND,2022-23,0.63,IND,63%,Indiana Pacers,2022-23,122172349,0.9880097772027012
IND,2023-24,0.72,IND,72%,Indiana Pacers,2022-23,122172349,0.9880097772027012
IND,2024-25,0.92,IND,92%,Indiana Pacers,2022-23,122172349,0.9880097772027012
IND,2025-26,0.69,IND,69%,Indiana Pacers,2022-23,122172349,0.9880097772027012
LAC,2018-19,0.66,LAC,66%,Los Angeles Clippers,2022-23,191189228,1.5461504023290606
LAC,2019-20,0.55,LAC,55%,Los Angeles Clippers,2022-23,191189228,1.5461504023290606
LAC,2020-21,0.71,LAC,71%,Los Angeles Clippers,2022-23,191189228,1.5461504023290606
LAC,2021-22,0.75,LAC,75%,Los Angeles Clippers,2022-23,191189228,1.5461504023290606
LAC,2022-23,0.75,LAC,75%,Los Angeles Clippers,2022-23,191189228,1.5461504023290606
LAC,2023-24,0.78,LAC,78%,Los Angeles Clippers,2022-23,191189228,1.5461504023290606
LAC,2024-25,0.67,LAC,67%,Los Angeles Clippers,2022-23,191189228,1.5461504023290606
LAC,2025-26,0.63,LAC,63%,Los Angeles Clippers,2022-23,191189228,1.5461504023290606
LAL,2018-19,0.52,LAL,52%,Los Angeles Lakers,2022-23,167412786,1.3538699284299058
LAL,2019-20,0.52,LAL,52%,Los Angeles Lakers,2022-23,167412786,1.3538699284299058
LAL,2020-21,0.6,LAL,60%,Los Angeles Lakers,2022-23,167412786,1.3538699284299058
LAL,2021-22,0.25,LAL,25%,Los Angeles Lakers,2022-23,167412786,1.3538699284299058
LAL,2022-23,0.41,LAL,41%,Los Angeles Lakers,2022-23,167412786,1.3538699284299058
LAL,2023-24,0.69,LAL,69%,Los Angeles Lakers,2022-23,167412786,1.3538699284299058
LAL,2024-25,0.71,LAL,71%,Los Angeles Lakers,2022-23,167412786,1.3538699284299058
LAL,2025-26,0.6,LAL,60%,Los Angeles Lakers,2022-23,167412786,1.3538699284299058
MEM,2018-19,0.37,MEM,37%,Memphis Grizzlies,2022-23,126788905,1.0253439408030407
MEM,2019-20,0.41,MEM,41%,Memphis Grizzlies,2022-23,126788905,1.0253439408030407
MEM,2020-21,0.8,MEM,80%,Memphis Grizzlies,2022-23,126788905,1.0253439408030407
MEM,2021-22,0.79,MEM,79%,Memphis Grizzlies,2022-23,126788905,1.0253439408030407
MEM,2022-23,0.85,MEM,85%,Memphis Grizzlies,2022-23,126788905,1.0253439408030407
MEM,2023-24,0.69,MEM,69%,Memphis Grizzlies,2022-23,126788905,1.0253439408030407
MEM,2024-25,0.76,MEM,76%,Memphis Grizzlies,2022-23,126788905,1.0253439408030407
MEM,2025-26,0.48,MEM,48%,Memphis Grizzlies,2022-23,126788905,1.0253439408030407
MIA,2018-19,0.99,MIA,99%,Miami Heat,2022-23,149093861,1.205724483441834
MIA,2019-20,0.54,MIA,54%,Miami Heat,2022-23,149093861,1.205724483441834
MIA,2020-21,0.83,MIA,83%,Miami Heat,2022-23,149093861,1.205724483441834
MIA,2021-22,0.64,MIA,64%,Miami Heat,2022-23,149093861,1.205724483441834
MIA,2022-23,0.92,MIA,92%,Miami Heat,2022-23,149093861,1.205724483441834
MIA,2023-24,0.73,MIA,73%,Miami Heat,2022-23,149093861,1.205724483441834
MIA,2024-25,0.74,MIA,74%,Miami Heat,2022-23,149093861,1.205724483441834
MIA,2025-26,0.78,MIA,78%,Miami Heat,2022-23,149093861,1.205724483441834
MIL,2018-19,0.65,MIL,65%,Milwaukee Bucks,2022-23,178933725,1.4470399498604989
MIL,2019-20,0.76,MIL,76%,Milwaukee Bucks,2022-23,178933725,1.4470399498604989
MIL,2020-21,0.59,MIL,59%,Milwaukee Bucks,2022-23,178933725,1.4470399498604989
MIL,2021-22,0.64,MIL,64%,Milwaukee Bucks,2022-23,178933725,1.4470399498604989
MIL,2022-23,0.87,MIL,87%,Milwaukee Bucks,2022-23,178933725,1.4470399498604989
MIL,2023-24,0.64,MIL,64%,Milwaukee Bucks,2022-23,178933725,1.4470399498604989
MIL,2024-25,0.66,MIL,66%,Milwaukee Bucks,2022-23,178933725,1.4470399498604989
MIL,2025-26,0.75,MIL,75%,Milwaukee Bucks,2022-23,178933725,1.4470399498604989
MIN,2018-19,0.62,MIN,62%,Minnesota Timberwolves,2022-23,143519708,1.1606462172981278
MIN,2019-20,0.51,MIN,51%,Minnesota Timberwolves,2022-23,143519708,1.1606462172981278
MIN,2020-21,0.66,MIN,66%,Minnesota Timberwolves,2022-23,143519708,1.1606462172981278
MIN,2021-22,0.83,MIN,83%,Minnesota Timberwolves,2022-23,143519708,1.1606462172981278
MIN,2022-23,0.64,MIN,64%,Minnesota Timberwolves,2022-23,143519708,1.1606462172981278
MIN,2023-24,0.92,MIN,92%,Minnesota Timberwolves,2022-23,143519708,1.1606462172981278
MIN,2024-25,0.73,MIN,73%,Minnesota Timberwolves,2022-23,143519708,1.1606462172981278
MIN,2025-26,0.92,MIN,92%,Minnesota Timberwolves,2022-23,143519708,1.1606462172981278
NOP,2018-19,0.56,NOH,56%,New Orleans Pelicans,2022-23,147340203,1.1915426226193846
NOP,2019-20,0.3,NOH,30%,New Orleans Pelicans,2022-23,147340203,1.1915426226193846
NOP,2020-21,0.58,NOH,58%,New Orleans Pelicans,2022-23,147340203,1.1915426226193846
NOP,2021-22,0.4,NOH,40%,New Orleans Pelicans,2022-23,147340203,1.1915426226193846
NOP,2022-23,0.87,NOH,87%,New Orleans Pelicans,2022-23,147340203,1.1915426226193846
NOP,2023-24,0.89,NOH,89%,New Orleans Pelicans,2022-23,147340203,1.1915426226193846
NOP,2024-25,0.49,NOH,49%,New Orleans Pelicans,2022-23,147340203,1.1915426226193846
NOP,2025-26,0.5,NOH,50%,New Orleans Pelicans,2022-23,147340203,1.1915426226193846
NYK,2018-19,0.49,NYK,49%,New York Knicks,2022-23,146839447,1.1874930006873965
NYK,2019-20,0.35,NYK,35%,New York Knicks,2022-23,146839447,1.1874930006873965
NYK,2020-21,0.64,NYK,64%,New York Knicks,2022-23,146839447,1.1874930006873965
NYK,2021-22,0.73,NYK,73%,New York Knicks,2022-23,146839447,1.1874930006873965
NYK,2022-23,0.76,NYK,76%,New York Knicks,2022-23,146839447,1.1874930006873965
NYK,2023-24,0.72,NYK,72%,New York Knicks,2022-23,146839447,1.1874930006873965
NYK,2024-25,0.57,NYK,57%,New York Knicks,2022-23,146839447,1.1874930006873965
NYK,2025-26,0.85,NYK,85%,New York Knicks,2022-23,146839447,1.1874930006873965
OKC,2018-19,0.73,OKC,73%,Oklahoma City Thunder,2022-23,148189515,1.1984110226032103
OKC,2019-20,0.47,OKC,47%,Oklahoma City Thunder,2022-23,148189515,1.1984110226032103
OKC,2020-21,0.42,OKC,42%,Oklahoma City Thunder,2022-23,148189515,1.1984110226032103
OKC,2021-22,0.57,OKC,57%,Oklahoma City Thunder,2022-23,148189515,1.1984110226032103
OKC,2022-23,0.71,OKC,71%,Oklahoma City Thunder,2022-23,148189515,1.1984110226032103
OKC,2023-24,0.74,OKC,74%,Oklahoma City Thunder,2022-23,148189515,1.1984110226032103
OKC,2024-25,0.79,OKC,79%,Oklahoma City Thunder,2022-23,148189515,1.1984110226032103
OKC,2025-26,0.93,OKC,93%,Oklahoma City Thunder,2022-23,148189515,1.1984110226032103
ORL,2018-19,0.85,ORL,85%,Orlando Magic,2022-23,125177282,1.0123107193400995
ORL,2019-20,0.81,ORL,81%,Orlando Magic,2022-23,125177282,1.0123107193400995
ORL,2020-21,0.52,ORL,52%,Orlando Magic,2022-23,125177282,1.0123107193400995
ORL,2021-22,0.71,ORL,71%,Orlando Magic,2022-23,125177282,1.0123107193400995
ORL,2022-23,0.71,ORL,71%,Orlando Magic,2022-23,125177282,1.0123107193400995
ORL,2023-24,0.87,ORL,87%,Orlando Magic,2022-23,125177282,1.0123107193400995
ORL,2024-25,0.77,ORL,77%,Orlando Magic,2022-23,125177282,1.0123107193400995
ORL,2025-26,0.7,ORL,70%,Orlando Magic,2022-23,125177282,1.0123107193400995
PHI,2018-19,0.57,PHI,57%,Philadelphia 76ers,2022-23,149571525,1.2095873599935305
PHI,2019-20,0.59,PHI,59%,Philadelphia 76ers,2022-23,149571525,1.2095873599935305
PHI,2020-21,0.58,PHI,58%,Philadelphia 76ers,2022-23,149571525,1.2095873599935305
PHI,2021-22,0.79,PHI,79%,Philadelphia 76ers,2022-23,149571525,1.2095873599935305
PHI,2022-23,0.69,PHI,69%,Philadelphia 76ers,2022-23,149571525,1.2095873599935305
PHI,2023-24,0.51,PHI,51%,Philadelphia 76ers,2022-23,149571525,1.2095873599935305
PHI,2024-25,0.38,PHI,38%,Philadelphia 76ers,2022-23,149571525,1.2095873599935305
PHI,2025-26,0.66,PHI,66%,Philadelphia 76ers,2022-23,149571525,1.2095873599935305
PHX,2018-19,0.39,PHO,39%,Phoenix Suns,2022-23,172327721,1.393617087865432
PHX,2019-20,0.51,PHO,51%,Phoenix Suns,2022-23,172327721,1.393617087865432
PHX,2020-21,0.66,PHO,66%,Phoenix Suns,2022-23,172327721,1.393617087865432
PHX,2021-22,0.77,PHO,77%,Phoenix Suns,2022-23,172327721,1.393617087865432
PHX,2022-23,0.69,PHO,69%,Phoenix Suns,2022-23,172327721,1.393617087865432
PHX,2023-24,0.32,PHO,32%,Phoenix Suns,2022-23,172327721,1.393617087865432
PHX,2024-25,0.58,PHO,58%,Phoenix Suns,2022-23,172327721,1.393617087865432
PHX,2025-26,0.58,PHO,58%,Phoenix Suns,2022-23,172327721,1.393617087865432
POR,2018-19,0.82,POR,82%,Portland Trail Blazers,2022-23,144235654,1.16643608426671
POR,2019-20,0.55,POR,55%,Portland Trail Blazers,2022-23,144235654,1.16643608426671
POR,2020-21,0.6,POR,60%,Portland Trail Blazers,2022-23,144235654,1.16643608426671
POR,2021-22,0.56,POR,56%,Portland Trail Blazers,2022-23,144235654,1.16643608426671
POR,2022-23,0.63,POR,63%,Portland Trail Blazers,2022-23,144235654,1.16643608426671
POR,2023-24,0.42,POR,42%,Portland Trail Blazers,2022-23,144235654,1.16643608426671
POR,2024-25,0.82,POR,82%,Portland Trail Blazers,2022-23,144235654,1.16643608426671
POR,2025-26,0.81,POR,81%,Portland Trail Blazers,2022-23,144235654,1.16643608426671
SAC,2018-19,0.58,SAC,58%,Sacramento Kings,2022-23,134929166,1.0911743641583438
SAC,2019-20,0.67,SAC,67%,Sacramento Kings,2022-23,134929166,1.0911743641583438
SAC,2020-21,0.67,SAC,67%,Sacramento Kings,2022-23,134929166,1.0911743641583438
SAC,2021-22,0.69,SAC,69%,Sacramento Kings,2022-23,134929166,1.0911743641583438
SAC,2022-23,0.64,SAC,64%,Sacramento Kings,2022-23,134929166,1.0911743641583438
SAC,2023-24,0.9,SAC,90%,Sacramento Kings,2022-23,134929166,1.0911743641583438
SAC,2024-25,0.67,SAC,67%,Sacramento Kings,2022-23,134929166,1.0911743641583438
SAC,2025-26,0.42,SAC,42%,Sacramento Kings,2022-23,134929166,1.0911743641583438
SAS,2018-19,0.63,SAS,63%,San Antonio Spurs,2022-23,101649048,0.8220375075815778
SAS,2019-20,0.8,SAS,80%,San Antonio Spurs,2022-23,101649048,0.8220375075815778
SAS,2020-21,0.9,SAS,90%,San Antonio Spurs,2022-23,101649048,0.8220375075815778
SAS,2021-22,0.73,SAS,73%,San Antonio Spurs,2022-23,101649048,0.8220375075815778
SAS,2022-23,0.63,SAS,63%,San Antonio Spurs,2022-23,101649048,0.8220375075815778
SAS,2023-24,0.82,SAS,82%,San Antonio Spurs,2022-23,101649048,0.8220375075815778
SAS,2024-25,0.6,SAS,60%,San Antonio Spurs,2022-23,101649048,0.8220375075815778
SAS,2025-26,0.77,SAS,77%,San Antonio Spurs,2022-23,101649048,0.8220375075815778
TOR,2018-19,0.67,TOR,67%,Toronto Raptors,2022-23,149485226,1.2088894585742591
TOR,2019-20,0.82,TOR,82%,Toronto Raptors,2022-23,149485226,1.2088894585742591
TOR,2020-21,0.68,TOR,68%,Toronto Raptors,2022-23,149485226,1.2088894585742591
TOR,2021-22,0.65,TOR,65%,Toronto Raptors,2022-23,149485226,1.2088894585742591
TOR,2022-23,0.86,TOR,86%,Toronto Raptors,2022-23,149485226,1.2088894585742591
TOR,2023-24,0.5,TOR,50%,Toronto Raptors,2022-23,149485226,1.2088894585742591
TOR,2024-25,0.6,TOR,60%,Toronto Raptors,2022-23,149485226,1.2088894585742591
TOR,2025-26,0.7,TOR,70%,Toronto Raptors,2022-23,149485226,1.2088894585742591
UTA,2018-19,0.92,UTA,92%,Utah Jazz,2022-23,147574401,1.1934365856617202
UTA,2019-20,0.61,UTA,61%,Utah Jazz,2022-23,147574401,1.1934365856617202
UTA,2020-21,0.9,UTA,90%,Utah Jazz,2022-23,147574401,1.1934365856617202
UTA,2021-22,0.78,UTA,78%,Utah Jazz,2022-23,147574401,1.1934365856617202
UTA,2022-23,0.25,UTA,25%,Utah Jazz,2022-23,147574401,1.1934365856617202
UTA,2023-24,0.68,UTA,68%,Utah Jazz,2022-23,147574401,1.1934365856617202
UTA,2024-25,0.64,UTA,64%,Utah Jazz,2022-23,147574401,1.1934365856617202
UTA,2025-26,0.64,UTA,64%,Utah Jazz,2022-23,147574401,1.1934365856617202
WAS,2018-19,0.49,WAS,49%,Washington Wizards,2022-23,150006207,1.2131026404108205
WAS,2019-20,0.4,WAS,40%,Washington Wizards,2022-23,150006207,1.2131026404108205
WAS,2020-21,0.52,WAS,52%,Washington Wizards,2022-23,150006207,1.2131026404108205
WAS,2021-22,0.47,WAS,47%,Washington Wizards,2022-23,150006207,1.2131026404108205
WAS,2022-23,0.72,WAS,72%,Washington Wizards,2022-23,150006207,1.2131026404108205
WAS,2023-24,0.47,WAS,47%,Washington Wizards,2022-23,150006207,1.2131026404108205
WAS,2024-25,0.51,WAS,51%,Washington Wizards,2022-23,150006207,1.2131026404108205
WAS,2025-26,0.59,WAS,59%,Washington Wizards,2022-23,150006207,1.2131026404108205
