team_id,team_name,season,payroll
LAC,Los Angeles Clippers,2022-23,191189228
GSW,Golden State Warriors,2022-23,189502439
MIL,Milwaukee Bucks,2022-23,178933725
BOS,Boston Celtics,2022-23,175483265
DAL,Dallas Mavericks,2022-23,173241988
PHX,Phoenix Suns,2022-23,172327721
LAL,Los Angeles Lakers,2022-23,167412786
DEN,Denver Nuggets,2022-23,159119037
BKN,Brooklyn Nets,2022-23,157516641
WAS,Washington Wizards,2022-23,150006207
PHI,Philadelphia 76ers,2022-23,149571525
TOR,Toronto Raptors,2022-23,149485226
CHI,Chicago Bulls,2022-23,149421485
CLE,Cleveland Cavaliers,2022-23,149251300
MIA,Miami Heat,2022-23,149093861
ATL,Atlanta Hawks,2022-23,148633739
OKC,Oklahoma City Thunder,2022-23,148189515
UTA,Utah Jazz,2022-23,147574401
NOP,New Orleans Pelicans,2022-23,147340203
NYK,New York Knicks,2022-23,146839447
POR,Portland Trail Blazers,2022-23,144235654
MIN,Minnesota Timberwolves,2022-23,143519708
HOU,Houston Rockets,2022-23,135784282
SAC,Sacramento Kings,2022-23,134929166
DET,Detroit Pistons,2022-23,127673494
MEM,Memphis Grizzlies,2022-23,126788905
ORL,Orlando Magic,2022-23,125177282
CHA,Charlotte Hornets,2022-23,124541053
IND,Indiana Pacers,2022-23,122172349
SAS,San Antonio Spurs,2022-23,101649048
