exposure_group,team_id,2018-19,2019-20,2020-21,2021-22,2022-23,2023-24,2024-25,2025-26
Higher exposure,BKN,0.69,0.51,0.51,0.5,0.52,0.73,0.69,0.44
Higher exposure,BOS,0.96,0.7,0.73,0.69,0.85,0.69,0.97,0.75
Higher exposure,DAL,0.61,0.68,0.79,0.75,0.77,0.58,0.51,0.67
Higher exposure,DEN,0.98,0.8,0.7,0.75,0.51,0.9,0.86,0.64
Higher exposure,GSW,0.81,0.22,0.72,0.68,0.73,0.68,0.71,0.81
Higher exposure,LAC,0.66,0.55,0.71,0.75,0.75,0.78,0.67,0.63
Higher exposure,LAL,0.52,0.52,0.6,0.25,0.41,0.69,0.71,0.6
Higher exposure,MIL,0.65,0.76,0.59,0.64,0.87,0.64,0.66,0.75
Higher exposure,PHX,0.39,0.51,0.66,0.77,0.69,0.32,0.58,0.58
Higher exposure,WAS,0.49,0.4,0.52,0.47,0.72,0.47,0.51,0.59
Lower exposure,CHA,0.79,0.65,0.79,0.71,0.78,0.45,0.56,0.57
Lower exposure,DET,0.74,0.56,0.14,0.7,0.53,0.69,0.51,0.72
Lower exposure,HOU,0.7,0.65,0.2,0.58,0.75,0.44,0.92,0.7
Lower exposure,IND,0.77,0.47,0.88,0.54,0.63,0.72,0.92,0.69
Lower exposure,MEM,0.37,0.41,0.8,0.79,0.85,0.69,0.76,0.48
Lower exposure,MIN,0.62,0.51,0.66,0.83,0.64,0.92,0.73,0.92
Lower exposure,ORL,0.85,0.81,0.52,0.71,0.71,0.87,0.77,0.7
Lower exposure,POR,0.82,0.55,0.6,0.56,0.63,0.42,0.82,0.81
Lower exposure,SAC,0.58,0.67,0.67,0.69,0.64,0.9,0.67,0.42
Lower exposure,SAS,0.63,0.8,0.9,0.73,0.63,0.82,0.6,0.77
Middle exposure,ATL,0.45,0.49,0.48,0.84,0.65,0.95,0.58,0.6
Middle exposure,CHI,0.64,0.56,0.69,0.48,0.87,0.86,0.59,0.71
Middle exposure,CLE,0.59,0.7,0.54,0.61,0.82,0.7,0.92,0.75
Middle exposure,MIA,0.99,0.54,0.83,0.64,0.92,0.73,0.74,0.78
Middle exposure,NOP,0.56,0.3,0.58,0.4,0.87,0.89,0.49,0.5
Middle exposure,NYK,0.49,0.35,0.64,0.73,0.76,0.72,0.57,0.85
Middle exposure,OKC,0.73,0.47,0.42,0.57,0.71,0.74,0.79,0.93
Middle exposure,PHI,0.57,0.59,0.58,0.79,0.69,0.51,0.38,0.66
Middle exposure,TOR,0.67,0.82,0.68,0.65,0.86,0.5,0.6,0.7
Middle exposure,UTA,0.92,0.61,0.9,0.78,0.25,0.68,0.64,0.64
