team_id,2022-23,2023-24,change_pp,exposure_2022_23,exposure_group
PHX,0.69,0.32,-36.99999999999999,1.393617087865432,Higher exposure
TOR,0.86,0.5,-36.0,1.2088894585742591,Middle exposure
CHA,0.78,0.45,-33.0,1.007165525049533,Lower exposure
HOU,0.75,0.44,-31.0,1.098089701184748,Lower exposure
WAS,0.72,0.47,-25.0,1.2131026404108205,Higher exposure
MIL,0.87,0.64,-23.0,1.4470399498604989,Higher exposure
POR,0.63,0.42,-21.000000000000004,1.16643608426671,Lower exposure
MIA,0.92,0.73,-19.000000000000007,1.205724483441834,Middle exposure
DAL,0.77,0.58,-19.000000000000007,1.4010107799927216,Higher exposure
PHI,0.69,0.51,-17.999999999999993,1.2095873599935305,Middle exposure
BOS,0.85,0.69,-16.000000000000004,1.4191360236140875,Higher exposure
MEM,0.85,0.69,-16.000000000000004,1.0253439408030407,Lower exposure
CLE,0.82,0.7,-12.0,1.2069976952003558,Middle exposure
GSW,0.73,0.68,-4.999999999999993,1.532509312199264,Higher exposure
NYK,0.76,0.72,-4.0000000000000036,1.1874930006873965,Middle exposure
CHI,0.87,0.86,-1.0000000000000009,1.208373984068578,Middle exposure
NOP,0.87,0.89,2.0000000000000018,1.1915426226193846,Middle exposure
OKC,0.71,0.74,3.0000000000000027,1.1984110226032103,Middle exposure
LAC,0.75,0.78,3.0000000000000027,1.5461504023290606,Higher exposure
IND,0.63,0.72,8.999999999999996,0.9880097772027012,Lower exposure
DET,0.53,0.69,15.999999999999993,1.0324976264607173,Lower exposure
ORL,0.71,0.87,16.000000000000004,1.0123107193400995,Lower exposure
SAS,0.63,0.82,18.999999999999993,0.8220375075815778,Lower exposure
BKN,0.52,0.73,20.999999999999996,1.2738396425538798,Higher exposure
SAC,0.64,0.9,26.0,1.0911743641583438,Lower exposure
LAL,0.41,0.69,27.999999999999996,1.3538699284299058,Higher exposure
MIN,0.64,0.92,28.000000000000004,1.1606462172981278,Lower exposure
ATL,0.65,0.95,29.999999999999993,1.2020034693299908,Middle exposure
DEN,0.51,0.9,39.0,1.286798245117464,Higher exposure
UTA,0.25,0.68,43.00000000000001,1.1934365856617202,Middle exposure
