team_id,exposure_2022_23,exposure_group
SAS,0.8220375075815778,Lower exposure
IND,0.9880097772027012,Lower exposure
CHA,1.007165525049533,Lower exposure
ORL,1.0123107193400995,Lower exposure
MEM,1.0253439408030407,Lower exposure
DET,1.0324976264607173,Lower exposure
SAC,1.0911743641583438,Lower exposure
HOU,1.098089701184748,Lower exposure
MIN,1.1606462172981278,Lower exposure
POR,1.16643608426671,Lower exposure
NYK,1.1874930006873965,Middle exposure
NOP,1.1915426226193846,Middle exposure
UTA,1.1934365856617202,Middle exposure
OKC,1.1984110226032103,Middle exposure
ATL,1.2020034693299908,Middle exposure
MIA,1.205724483441834,Middle exposure
CLE,1.2069976952003558,Middle exposure
CHI,1.208373984068578,Middle exposure
TOR,1.2088894585742591,Middle exposure
PHI,1.2095873599935305,Middle exposure
WAS,1.2131026404108205,Higher exposure
BKN,1.2738396425538798,Higher exposure
DEN,1.286798245117464,Higher exposure
LAL,1.3538699284299058,Higher exposure
PHX,1.393617087865432,Higher exposure
DAL,1.4010107799927216,Higher exposure
BOS,1.4191360236140875,Higher exposure
MIL,1.4470399498604989,Higher exposure
GSW,1.532509312199264,Higher exposure
LAC,1.5461504023290606,Higher exposure
