team_id,season,payroll
LAC,2022-23,191189228
GSW,2022-23,189502439
MIL,2022-23,178933725
BOS,2022-23,175483265
DAL,2022-23,173241988
PHX,2022-23,172327721
LAL,2022-23,167412786
DEN,2022-23,159119037
BKN,2022-23,157516641
WAS,2022-23,150006207
PHI,2022-23,149571525
TOR,2022-23,149485226
CHI,2022-23,149421485
CLE,2022-23,149251300
MIA,2022-23,149093861
ATL,2022-23,148633739
OKC,2022-23,148189515
UTA,2022-23,147574401
NOP,2022-23,147340203
NYK,2022-23,146839447
POR,2022-23,144235654
MIN,2022-23,143519708
HOU,2022-23,135784282
SAC,2022-23,134929166
DET,2022-23,127673494
MEM,2022-23,126788905
ORL,2022-23,125177282
CHA,2022-23,124541053
IND,2022-23,122172349
SAS,2022-23,101649048
